"Symbol","Entrez_ID"
"ZMIZ1","57178"
"POPDC3","64208"
"FOS","2353"
"RBPMS","11030"
"CORO2B","10391"
"DTNA","1837"
"ARHGAP44","9912"
"STARD13","90627"
"FMC1","154791"
"TSPAN5","10098"
"NSD1","64324"
"SGF29","112869"
"CNTLN","54875"
"ITGA9","3680"
"PDIK1L","149420"
"EDN2","1907"
"PLCXD3","345557"
"DAB2IP","153090"
"DYNC1H1","1778"
"DAGLB","221955"
"GRTP1","79774"
"FIGNL2","401720"
"STOX2","56977"
"PLLP","51090"
"CEP162","22832"
"ADCY5","111"
"AKAP10","11216"
"SMYD3","64754"
"ZNF692","55657"
"MITF","4286"
"RBM20","282996"
"MIS18BP1","55320"
"GATA4","2626"
"CALM1","801"
"PRSS42P","339906"
"RIN2","54453"
"CDC42EP1","11135"
"RHOBTB2","23221"
"RBBP7","5931"
"ADGRG2","10149"
"NOCT","25819"
"SHD","56961"
"COL4A2","1284"
"EPS15L1","58513"
"B4GALNT3","283358"
"EMILIN2","84034"
"BRI3","25798"
"TMEM44-AS1","100507297"
"CUX1","1523"
"PDGFRA","5156"
"DOP1B","9980"
"SP6","80320"
"RHOQ","23433"
"ZFHX3","463"
"FBXL14","144699"
"WIPI1","55062"
"NSRP1","84081"
"MAPKAPK3","7867"
"MTSS1","9788"
"EEF2K","29904"
"MKNK2","2872"
"MEIS2","4212"
"GCNT2","2651"
"CELSR1","9620"
"NKX2-5","1482"
"UBC","7316"
"AMOTL1","154810"
"ANKRD1","27063"
"CCDC88C","440193"
"CRCP","27297"
"CPNE5","57699"
"ID3","3399"
"MAN1C1","57134"
"LINC00880","339894"
"SMARCC2","6601"
"LAMA5","3911"
"FRMD5","84978"
"PKIG","11142"
"NUAK1","9891"
"PRKN","5071"
"COL16A1","1307"
"RASL11B","65997"
"MAP2K3","5606"
"MSL1","339287"
"METAP1","23173"
"LAMB1","3912"
"NFATC2","4773"
"PMVK","10654"
"PIEZO2","63895"
"CDC42EP3","10602"
"SERPINH1","871"
"PMEPA1","56937"
"SDC3","9672"
"BCOR","54880"
"ZNF407","55628"
"CSF1","1435"
"ZDHHC11B","653082"
"USP10","9100"
"PCDH17","27253"
"MYH7","4625"
"ANKRD11","29123"
"LDB3","11155"
"TSC22D3","1831"
"PADI2","11240"
"LARP4B","23185"
"KCNJ4","3761"
"SNTA1","6640"
"HEATR5B","54497"
"ZNF747","65988"
"MMP15","4324"
"JUP","3728"
"HDHD5","27440"
"HEBP2","23593"
"HCN4","10021"
"TRAPPC9","83696"
"BDH2","56898"
"MAP7D1","55700"
"KANK4","163782"
"BMP10","27302"
"TLE2","7089"
"FOXJ2","55810"
"AKAP13","11214"
"ERCC1","2067"
"QTRT1","81890"
"ZNF77","58492"
"RILPL1","353116"
"COA7","65260"
"ST3GAL2","6483"
"MAPK4","5596"
"ARHGAP35","2909"
"MSI2","124540"
"CTSV","1515"
"PAG1","55824"
"SOX4","6659"
"CLDN9","9080"
"TRIM41","90933"
"NR4A1","3164"
"LAMA4","3910"
"ALPK2","115701"
"IGF2BP3","10643"
"HACD1","9200"
"SETD1A","9739"
"DISC2","27184"
"ECE1","1889"
"NCOR2","9612"
"NFIA","4774"
"ZMYND8","23613"
"DENND5A","23258"
"NCALD","83988"
"PLD1","5337"
"KANSL2","54934"
"OSR1","130497"
"SEPTIN9","10801"
"CXXC5","51523"
"AGAP1","116987"
"LINC01405","100131138"
"KCNN1","3780"
"HMGXB3","22993"
"FOXC2","2303"
"LYRM4","57128"
"CDC42BPG","55561"
"ARHGAP22","58504"
"IGSF9","57549"
"MICAL2","9645"
"GOLIM4","27333"
"MYOZ1","58529"
"PARP12","64761"
"ERI3","79033"
"CYP26B1","56603"
"MALAT1","378938"
"LINC00324","284029"
"SEMA4B","10509"
"NXN","64359"
"HJV","148738"
"HAND2-AS1","79804"
"PLCB2","5330"
"TEX2","55852"
"PLEKHH3","79990"
"DUSP5","1847"
"SEC14L5","9717"
"HDHD3","81932"
"A4GALT","53947"
"LTBP4","8425"
"SMAD3","4088"
"IGF2","3481"
"HDAC5","10014"
"BRF2","55290"
"FBXO46","23403"
"WIPF3","644150"
"NNMT","4837"
"CTDSP1","58190"
"CASZ1","54897"
"RHOD","29984"
"BAHCC1","57597"
"SCAP","22937"
"IL17RD","54756"
"KCNQ5","56479"
"MTFP1","51537"
"PIK3R1","5295"
"TLE3","7090"
"POLQ","10721"
"SPRY2","10253"
"MYH9","4627"
"PNKP","11284"
"KIF26B","55083"
"KCTD1","284252"
"CHST13","166012"
"TNS1","7145"
"PCDH7","5099"
"SMG1P3","100271836"
"HS3ST3B1","9953"
"C8orf58","541565"
"TRERF1","55809"
"ABTB2","25841"
"KCNK13","56659"
"KSR1","8844"
"ZNF462","58499"
"CCND2","894"
"SSBP3","23648"
"PHIP","55023"
"NCS1","23413"
"WNT5A","7474"
"GABPA","2551"
"HES7","84667"
"PCBD1","5092"
"MIDN","90007"
"NCOA4","8031"
"KCNIP2","30819"
"FNDC3B","64778"
"KMT2B","9757"
"PLXNA1","5361"
"FOXP1","27086"
"MYL12A","10627"
"VSTM2L","128434"
"FARP2","9855"
"BCL6","604"
"PPP1R1C","151242"
"CSMD3","114788"
"LINC01503","100506119"
"ZNF532","55205"
"ABLIM1","3983"
"MYL4","4635"
"DCP1B","196513"
"TRIM8","81603"
"SMG6","23293"
"TMEM200B","399474"
"DDIT4","54541"
"DAAM1","23002"
"SFRP1","6422"
"GSK3B","2932"
"MACF1","23499"
"TNNT2","7139"
"KAZALD1","81621"
"CMTM5","116173"
"ETV6","2120"
"ADGRL1","22859"
"FIGN","55137"
"YY1","7528"
"RAB27A","5873"
"TSC22D2","9819"
"SERTAD3","29946"
"NLGN1","22871"
"TACC1","6867"
"FOXC1","2296"
"GTDC1","79712"
"STIM1","6786"
"LARGE1","9215"
"ZBED4","9889"
"TOP1MT","116447"
"DUSP7","1849"
"RAP1GDS1","5910"
"LRP3","4037"
"STT3B","201595"
"MED13","9969"
"SOS2","6655"
"FLVCR2","55640"
"TMTC2","160335"
"BMP2K","55589"
"USP9X","8239"
"DAB1","1600"
"C6orf62","81688"
"UBTF","7343"
"ZBTB7C","201501"
"ZBTB18","10472"
"RAC3","5881"
"DACT1","51339"
"NRP2","8828"
"ZNF432","9668"
"STX3","6809"
"MPPE1","65258"
"FSTL1","11167"
"RAP2B","5912"
"BMPR1A","657"
"HSPA6","3310"
"LINGO1","84894"
"KIAA1671","85379"
"BICD2","23299"
"MAPK10","5602"
"SLC22A4","6583"
"RCOR1","23186"
"CYTH1","9267"
"TMEM179B","374395"
"KIF13A","63971"
"INPP5A","3632"
"PER1","5187"
"PAN3","255967"
"FASN","2194"
"SMAD7","4092"
"SERINC5","256987"
"HIVEP3","59269"
"CLCN3","1182"
"TBC1D31","93594"
"TBC1D2","55357"
"TESK1","7016"
"PCCA","5095"
"GPCPD1","56261"
"SERTAD2","9792"
"NDUFS8","4728"
"ID1","3397"
"PDE5A","8654"
"ZBTB7B","51043"
"CXCL12","6387"
"DRD1","1812"
"TMEM127","55654"
"MSH6","2956"
"CACNA1G","8913"
"SATB2","23314"
"UBE2J1","51465"
"SFRP5","6425"
"EFNA5","1946"
"SCN5A","6331"
"POU2F1","5451"
"VSIG10L","147645"
"MXD1","4084"
"DENND4C","55667"
"SELENOW","6415"
"SLC2A8","29988"
"ULK4","54986"
"CTNNAL1","8727"
"URI1","8725"
"SCML1","6322"
"HOMER1","9456"
"PPRC1","23082"
"EPHB3","2049"
"MBOAT2","129642"
"PIM1","5292"
"ACACB","32"
"ERVK13-1","100507321"
"SLC2A4","6517"
"CAND1","55832"
"USP24","23358"
"SUV39H2","79723"
"RUNX1T1","862"
"ADRA1D","146"
"LINGO2","158038"
"MYL3","4634"
"TRIM45","80263"
"ECT2","1894"
"BICRAL","23506"
"LZTS3","9762"
"SRP72","6731"
"DCTN6","10671"
"UQCR11","10975"
"PA2G4","5036"
"MTMR9","66036"
"HMGCS1","3157"
"FDXR","2232"
"SUPT16H","11198"
"PFN2","5217"
"LRP1","4035"
"EVI5L","115704"
"RAB8A","4218"
"KCTD15","79047"
"ZNF839","55778"
"KDM6B","23135"
"SLC25A23","79085"
"HES6","55502"
"LARP1","23367"
"PITPNA","5306"
"SLC20A2","6575"
"ANP32E","81611"
"LMNA","4000"
"MEX3C","51320"
"MANF","7873"
"YARS2","51067"
"ADNP","23394"
"ORAI3","93129"
"ZCCHC2","54877"
"RPL26","6154"
"ZNF787","126208"
"TCF3","6929"
"TNK2","10188"
"HECA","51696"
"SEMA4C","54910"
"ASS1","445"
"SPAG9","9043"
"USP28","57646"
"CHASERR","100507217"
"SLC27A5","10998"
"SLC17A5","26503"
"TPRN","286262"
"RNF152","220441"
"SLC26A6","65010"
"ARHGDIA","396"
"SNX18","112574"
"NAIF1","203245"
"ANAPC1P2","285074"
"ZNF83","55769"
"WDR5","11091"
"FZR1","51343"
"POPDC2","64091"
"XPNPEP1","7511"
"RNASET2","8635"
"MSI1","4440"
"BABAM1","29086"
"PCNP","57092"
"ATP5F1B","506"
"ARHGEF40","55701"
"YWHAH","7533"
"FBXL5","26234"
"EFNA3","1944"
"MYPOP","339344"
"KMT5C","84787"
"SLFN5","162394"
"MEGF8","1954"
"ACVR1","90"
"SPRED1","161742"
"NUP85","79902"
"TNIK","23043"
"NUFIP2","57532"
"DYNC1LI1","51143"
"TIA1","7072"
"OSBP","5007"
"TTC21B","79809"
"SIDT2","51092"
"UQCRC2","7385"
"BCAR3","8412"
"AP2A1","160"
"DHX35","60625"
"PPCDC","60490"
"NTMT1","28989"
"RPA2","6118"
"RNF187","149603"
"RALGAPA2","57186"
"CBFA2T2","9139"
"APOLD1","81575"
"KLF2","10365"
"UBE2S","27338"
"ERBB3","2065"
"CCDC43","124808"
"ZBTB5","9925"
"VAMP1","6843"
"CEMIP","57214"
"TCF25","22980"
"GAD1","2571"
"SOX11","6664"
"TUBB4B","10383"
"MTCH2","23788"
"MRPS23","51649"
"SRRM1","10250"
"ARID5B","84159"
"CTR9","9646"
"SLC27A1","376497"
"GNAS","2778"
"SOD1","6647"
"APC","324"
"ZNF398","57541"
"RIOK2","55781"
"PFKP","5214"
"RAC1","5879"
"MLXIP","22877"
"TAOK2","9344"
"HDGFL2","84717"
"U2AF2","11338"
"TMEM170B","100113407"
"CNPY3","10695"
"HINFP","25988"
"ZNF782","158431"
"VASP","7408"
"EZH2","2146"
"DNAJB12","54788"
"MTMR4","9110"
"MICAL3","57553"
"COPS4","51138"
"COQ8A","56997"
"PAQR4","124222"
"MED15P9","285103"
"PNP","4860"
"ZSCAN25","221785"
"PPP4R3A","55671"
"KLHDC8B","200942"
"ZNF827","152485"
"PPFIA1","8500"
"PIM3","415116"
"LPCAT4","254531"
"POLRMT","5442"
"MRGBP","55257"
"SAMD4A","23034"
"TMEM94","9772"
"NUDCD3","23386"
"SPTLC1","10558"
"DAZAP1","26528"
"RAD23A","5886"
"IRF2BP2","359948"
"KHSRP","8570"
"C21orf91","54149"
"NR6A1","2649"
"DLG4","1742"
"KIF26A","26153"
"RTKN","6242"
"UBP1","7342"
"ITPRIP","85450"
"NOSIP","51070"
"CDKN2D","1032"
"RMND5B","64777"
"FUZ","80199"
"CHERP","10523"
"ALG13","79868"
"PTCH1","5727"
"SCAI","286205"
"ZSWIM8","23053"
"GATA2","2624"
"TRIB1","10221"
"PPP6R1","22870"
"STARD4","134429"
"SCAPER","49855"
"ILF2","3608"
"SMYD1","150572"
"TRIP10","9322"
"SMARCA4","6597"
"WTIP","126374"
"PTK2","5747"
"CBX6","23466"
"ITGB8","3696"
"SKIDA1","387640"
"DDX50","79009"
"GLCE","26035"
"DEXI","28955"
"SREBF2","6721"
"MLEC","9761"
"RAB35","11021"
"DDX49","54555"
"NR3C2","4306"
"PRDX1","5052"
"CDT1","81620"
"CDC37","11140"
"STIL","6491"
"TTF2","8458"
"MBTPS1","8720"
"MED26","9441"
"GZF1","64412"
"ZXDC","79364"
"RRP9","9136"
"TEAD1","7003"
"TTBK2","146057"
"PDZD8","118987"
"TNRC6C","57690"
"ZNF57","126295"
"UCKL1","54963"
"PACSIN2","11252"
"TRAF2","7186"
"LIMS2","55679"
"C1QTNF6","114904"
"EGR1","1958"
"FAM76A","199870"
"PPARGC1A","10891"
"ZNF256","10172"
"HEXIM1","10614"
"OSBPL3","26031"
"CADPS","8618"
"ZC3H18","124245"
"ARHGAP21","57584"
"PANK2","80025"
"ZMYND19","116225"
"GSTO2","119391"
"WHAMM","123720"
"FHL2","2274"
"KLHDC9","126823"
"MIR1915HG","399726"
"FLYWCH2","114984"
"TMEM184C","55751"
"AURKAIP1","54998"
"PSMA5","5686"
"DNM2","1785"
"JPH2","57158"
"CYB5A","1528"
"CNN1","1264"
"SRXN1","140809"
"VEGFA","7422"
"MPC1","51660"
"SCAF8","22828"
"NOL6","65083"
"ASPM","259266"
"ABCA7","10347"
"HNRNPA3","220988"
"NIPAL3","57185"
"CORO1C","23603"
"ZNF805","390980"
"LMAN2L","81562"
"PPP1R12A","4659"
"FSD2","123722"
"LSM14B","149986"
"PMEL","6490"
"MDM2","4193"
"BORCS6","54785"
"FAM117A","81558"
"ANKRD39","51239"
"SOAT1","6646"
"EOGT","285203"
"BMT2","154743"
"CCNG2","901"
"RWDD1","51389"
"RPS12","6206"
"AGFG2","3268"
"AHNAK","79026"
"RPL19","6143"
"ABRAXAS1","84142"
"SNRPE","6635"
"EHD1","10938"
"TICRR","90381"
"NPRL3","8131"
"CCDC103","388389"
"FLAD1","80308"
"DAZAP2","9802"
"POLA1","5422"
"PLEKHG2","64857"
"MYH10","4628"
"ISG15","9636"
"DEPP1","11067"
"PPP2R2D","55844"
"ARHGAP33","115703"
"SP3","6670"
"CRACD","57482"
"ANKHD1","54882"
"MAFK","7975"
"MRPL13","28998"
"ZBTB20","26137"
"HMGN3","9324"
"PABIR1","116224"
"COMMD6","170622"
"MPV17L2","84769"
"MXD4","10608"
"CYCS","54205"
"ZNF703","80139"
"MYC","4609"
"MUL1","79594"
"RSRP1","57035"
"GPATCH2","55105"
"HSP90AA1","3320"
"GATAD2A","54815"
"LEF1","51176"
"PSMB7","5695"
"EDF1","8721"
"FRMD8","83786"
"CKS2","1164"
"LOC100288069","100288069"
"B3GALT6","126792"
"MRPL20-AS1","148413"
"ATAD3B","83858"
"ATAD3A","55210"
"SSU72","29101"
"MIB2","142678"
"CDK11B","984"
"SLC35E2B","728661"
"CDK11A","728642"
"RER1","11079"
"MEGF6","1953"
"DFFB","1677"
"NPHP4","261734"
"RPL22","6146"
"DNAJC11","55735"
"VAMP3","9341"
"RERE","473"
"SLC25A33","84275"
"NMNAT1","64802"
"UBE4B","10277"
"KIF1B","23095"
"PGD","5226"
"TARDBP","23435"
"EXOSC10","5394"
"UBIAD1","29914"
"CLCN6","1185"
"NPPA","4878"
"MFN2","9927"
"DNAJC16","23341"
"SPEN","23013"
"HSPB7","27129"
"CLCNKB","1188"
"EPHA2","1969"
"FBXO42","54455"
"SZRD1","26099"
"NECAP2","55707"
"NBPF1","55672"
"ALDH4A1","8659"
"EMC1","23065"
"SLC66A1","54896"
"OTUD3","23252"
"DDOST","1650"
"HP1BP3","50809"
"USP48","84196"
"HNRNPR","10236"
"ZNF436","80818"
"E2F2","1870"
"ELOA","6924"
"GALE","2582"
"SRSF10","10772"
"SYF2","25949"
"TMEM50A","23585"
"MACO1","55219"
"UBXN11","91544"
"LOC101928728","101928728"
"GPN2","54707"
"GPATCH3","63906"
"MED18","54797"
"PHACTR4","65979"
"RCC1","1104"
"YTHDF2","51441"
"SRSF4","6429"
"PUM1","9698"
"ZCCHC17","51538"
"FABP3","2170"
"PTP4A2","8073"
"KHDRBS1","10657"
"TMEM39B","55116"
"IQCC","55721"
"MARCKSL1","65108"
"BSDC1","55108"
"ZBTB8A","653121"
"ZBTB8OS","339487"
"S100PBP","64766"
"AK2","204"
"ZMYM1","79830"
"AGO1","26523"
"AGO3","192669"
"ADPRS","54936"
"TRAPPC3","27095"
"THRAP3","9967"
"STK40","83931"
"ZC3H12A","80149"
"MEAF6","64769"
"SNIP1","79753"
"CDCA8","55143"
"MANEAL","149175"
"MTF1","4520"
"INPP5B","3633"
"SF3A3","10946"
"RRAGC","64121"
"PABPC4","8761"
"TRIT1","54802"
"RLF","6018"
"ZMPSTE24","10269"
"NFYC-AS1","100130557"
"CITED4","163732"
"CTPS1","1503"
"P3H1","64175"
"EBNA1BP2","10969"
"MED8","112950"
"KDM4A","9682"
"CCDC24","149473"
"RNF220","55182"
"RPS8","6202"
"UROD","7389"
"TESK2","10420"
"NASP","4678"
"IPP","3652"
"PIK3R3","8503"
"LRRC41","10489"
"NRDC","4898"
"PRPF38A","84950"
"ZYG11B","79699"
"CZIB","54987"
"LRRC42","115353"
"TMEM59","9528"
"MRPL37","51253"
"ACOT11","26027"
"USP1","7398"
"ALG6","29929"
"JAK1","3716"
"MIER1","57708"
"SERBP1","26135"
"LRRC40","55631"
"PTGER3","5733"
"ZRANB2","9406"
"ACADM","34"
"DNAJB4","11080"
"RPF1","80135"
"SPATA1","100505741"
"MCOLN3","55283"
"DDAH1","23576"
"CCN1","3491"
"GTF2B","2959"
"ZNF326","284695"
"CDC7","8317"
"TGFBR3","7049"
"EVI5","7813"
"RPL5","6125"
"MTF2","22823"
"DNTTIP2","30836"
"GCLM","2730"
"ABCD3","5825"
"ALG14","199857"
"TLCD4-RWDD3","100527978"
"PTBP2","58155"
"SASS6","163786"
"DBT","1629"
"RTCA-AS1","100506007"
"CDC14A","8556"
"EXTL2","2135"
"S1PR1-DT","101928370"
"PRPF38B","55119"
"STXBP3","6814"
"SARS1","6301"
"GNAI3","2773"
"AHCYL1","10768"
"INKA2","55924"
"ST7L","54879"
"MOV10","4343"
"SLC16A1","6566"
"BCAS2","10286"
"DENND2C","163259"
"ATP1A1","476"
"MAN1A2","10905"
"WDR3","10885"
"PHGDH","26227"
"PIAS3","10401"
"POLR3GL","84265"
"H2BC18","440689"
"SF3B4","10262"
"CA14","23632"
"APH1A","51107"
"CIART","148523"
"MRPS21","54460"
"RPRD2","23248"
"MCL1","4170"
"ENSA","2029"
"C1orf56","54964"
"CDC42SE1","56882"
"VPS72","6944"
"PIP5K1A","8394"
"PSMD4","5710"
"PSMB4","5692"
"GATAD2B","57459"
"SLC39A1","27173"
"HAX1","10456"
"AQP10","89872"
"ATP8B2","57198"
"UBE2Q1","55585"
"PBXIP1","57326"
"CKS1B","1163"
"ADAM15","8751"
"RUSC1","23623"
"ASH1L","55870"
"YY1AP1","55249"
"LAMTOR2","28956"
"CRABP2","1382"
"MRPL24","79590"
"PRCC","5546"
"ETV3","2117"
"UFC1","51506"
"PPOX","5498"
"UAP1","6675"
"HSD17B7","51478"
"NUF2","83540"
"TMCO1","54499"
"DCAF6","55827"
"ATP1B1","481"
"SLC19A2","10560"
"SCYL3","57147"
"GORAB","92344"
"METTL13","51603"
"SUCO","51430"
"DARS2","55157"
"GAS5","60674"
"CACYBP","27101"
"MRPS14","63931"
"COP1","64326"
"TOR1AIP1","26092"
"QSOX1","5768"
"IER5","51278"
"GLUL","2752"
"DHX9","1660"
"SMG7","9887"
"EDEM3","80267"
"RNF2","6045"
"SWT1","54823"
"IVNS1ABP","10625"
"HMCN1","83872"
"KCNT2","343450"
"ZNF281","23528"
"KIF14","9928"
"TMEM9","252839"
"TIMM17A","10440"
"PCAT6","100506696"
"RABIF","5877"
"KLHL12","59349"
"ADIPOR1","51094"
"TMEM183A","92703"
"PPFIA4","8497"
"ATP2B4","493"
"PPP1R15B","84919"
"RBBP5","5929"
"TMCC2","9911"
"ELK4","2005"
"SLC41A1","254428"
"EIF2D","1939"
"YOD1","55432"
"CD46","4179"
"C1orf74","148304"
"SLC30A1","7779"
"NEK2","4751"
"INTS7","25896"
"TATDN3","128387"
"PROX1","5629"
"PTPN14","5784"
"CENPF","1063"
"RRP15","51018"
"RAB3GAP2","25782"
"DUSP10","11221"
"BROX","148362"
"CAPN2","824"
"NVL","4931"
"LBR","3930"
"ZNF678","339500"
"SNAP47","116841"
"C1orf35","79169"
"IBA57","200205"
"TRIM11","81559"
"CCSAP","126731"
"ARV1","64801"
"EXOC8","149371"
"GGPS1","9453"
"B3GALNT2","148789"
"NID1","4811"
"HEATR1","55127"
"MTR","4548"
"FH","2271"
"HNRNPU","3192"
"CNST","163882"
"ZNF669","79862"
"ZNF672","79894"
"PGBD2","267002"
"WDR37","22884"
"KLF6","1316"
"TASOR2","54906"
"GDI2","2665"
"FBH1","84893"
"RBM17","84991"
"PFKFB3","5209"
"SFMBT2","57713"
"UPF2","26019"
"NUDT5","11164"
"MCM10","55388"
"DCLRE1C","64421"
"VIM","7431"
"THNSL1","79896"
"GPR158","57512"
"ABI1","10006"
"ANKRD26","22852"
"ACBD5","91452"
"RAB18","22931"
"SVIL","6840"
"MTPAP","55149"
"MAP3K8","1326"
"ZNF438","220929"
"KIF5B","3799"
"EPC1","80314"
"NRP1","8829"
"CUL2","8453"
"FZD8","8325"
"ZNF25","219749"
"ZNF33A","7581"
"HNRNPF","3185"
"MARCHF8","220972"
"ZFAND4","93550"
"TIMM23B","100652748"
"SGMS1-AS1","104355295"
"CISD1","55847"
"ANK3","288"
"JMJD1C","221037"
"LRRTM3","347731"
"SIRT1","23411"
"HNRNPH3","3189"
"RUFY2","55680"
"CCAR1","55749"
"VPS26A","9559"
"SUPV3L1","6832"
"COL13A1","1305"
"SAR1A","56681"
"LRRC20","55222"
"UNC5B-AS1","728978"
"PSAP","5660"
"ANAPC16","119504"
"ECD","11319"
"DNAJC9","23234"
"SEC24C","9632"
"NDST2","8509"
"VCL","7414"
"KAT6B","23522"
"SAMD8","142891"
"VDAC2","7417"
"ZNF503","84858"
"RPS24","6229"
"PPIF","10105"
"PRXL2A","84293"
"TSPAN14","81619"
"CCSER2","54462"
"PTEN","5728"
"KIF20B","9585"
"HECTD2","143279"
"IDE","3416"
"KIF11","3832"
"MYOF","26509"
"ZNF518A","9849"
"LCOR","84458"
"FRAT1","10023"
"RRP12","23223"
"ZDHHC16","84287"
"MMS19","64210"
"PI4K2A","55361"
"R3HCC1L","27291"
"ENTPD7","57089"
"COX15","1355"
"ERLIN1","10613"
"CWF19L1","55280"
"BLOC1S2","282991"
"SCD","6319"
"HIF1AN","55662"
"NPM3","10360"
"NOLC1","9221"
"NFKB2","4791"
"FBXL15","79176"
"SFXN2","118980"
"PDCD11","22984"
"SFR1","119392"
"GSTO1","9446"
"SMC3","9126"
"PDCD4","27250"
"TCF7L2","6934"
"NHLRC2","374354"
"CACUL1","143384"
"PRDX3","10935"
"GRK5","2869"
"ACADSB","36"
"OAT","4942"
"ABRAXAS2","23172"
"CTBP2","1488"
"C10orf143","387723"
"BNIP3","664"
"STK32C","282974"
"TUBGCP2","10844"
"MTG1","92170"
"BET1L","51272"
"PIDD1","55367"
"TSSC4","10078"
"PGAP2","27315"
"RRM1","6240"
"TRIM68","55128"
"SMPD1","6609"
"ARFIP2","23647"
"MRPL17","63875"
"EIF3F","8665"
"TMEM9B-AS1","493900"
"LOC644656","644656"
"ADM","133"
"EIF4G2","1982"
"DKK3","27122"
"PSMA1","5682"
"CYP2R1","120227"
"SERGEF","26297"
"LDHA","3939"
"TSG101","7251"
"SPTY2D1","144108"
"TMEM86A","144110"
"CSRP3","8048"
"E2F8","79733"
"FANCF","2188"
"METTL15","196074"
"EIF3M","10480"
"HIPK3","10114"
"RAG1","5896"
"TTC17","55761"
"PRDM11","56981"
"CRY2","1408"
"PEX16","9409"
"PHF21A","51317"
"CREB3L1","90993"
"MDK","4192"
"NR1H3","10062"
"MYBPC3","4607"
"PSMC3","5702"
"NUP160","23279"
"UBE2L6","9246"
"ZDHHC5","25921"
"CCDC86","79080"
"DDB1","1642"
"FEN1","2237"
"FADS2","9415"
"FTH1","2495"
"EEF1G","1937"
"TUT1","64852"
"GANAB","23193"
"INTS5","80789"
"C11orf98","102288414"
"HNRNPUL2","221092"
"ZBTB3","79842"
"NXF1","10482"
"WDR74","54663"
"SLC3A2","6520"
"COX8A","1351"
"STIP1","10963"
"GPR137","56834"
"RASGRP2","10235"
"SF1","7536"
"ATG2A","23130"
"CDCA5","113130"
"FAU","2197"
"SYVN1","84447"
"LTBP3","4054"
"ZNRD2","10534"
"PCNX3","399909"
"RELA","5970"
"KAT5","10524"
"SNX32","254122"
"CFL1","1072"
"MUS81","80198"
"CCDC85B","11007"
"SART1","9092"
"SF3B2","10992"
"BBS1","582"
"ZDHHC24","254359"
"RBM4","5936"
"LRFN4","78999"
"POLD4","57804"
"RPS6KB2","6199"
"CDK2AP2","10263"
"PPP6R3","55291"
"LTO1","220064"
"DHCR7","1717"
"RNF121","55298"
"NUMA1","4926"
"RAB6A","5870"
"C2CD3","26005"
"ACER3","55331"
"DLG2","1740"
"EED","8726"
"SLC36A4","120103"
"PANX1","24145"
"MRE11","4361"
"SRSF8","10929"
"FAM76B","143684"
"YAP1","10413"
"DCUN1D5","84259"
"MSANTD4","84437"
"SLC35F2","54733"
"ATM","472"
"DDX10","1662"
"FDXACB1","91893"
"DLAT","1737"
"PIH1D2","120379"
"NCAM1","4684"
"ZW10","9183"
"CADM1","23705"
"BUD13","84811"
"TAGLN","6876"
"RPS25","6230"
"HMBS","3145"
"DPAGT1","1798"
"CBL","867"
"RNF26","79102"
"MIR100HG","399959"
"HSPA8","3312"
"TBRG1","84897"
"MSANTD2-AS1","100507283"
"CHEK1","1111"
"HYLS1","219844"
"FAM118B","79607"
"FOXRED1","55572"
"SNX19","399979"
"VPS26B","112936"
"KDM5A","5927"
"RAD52","5893"
"ADIPOR2","79602"
"CACNA1C","775"
"FKBP4","2288"
"TULP3","7289"
"TEAD4","7004"
"TIGAR","57103"
"RAD51AP1","10635"
"GAPDH","2597"
"NOP2","4839"
"MLF2","8079"
"USP5","8078"
"PHB2","11331"
"LPCAT3","10162"
"M6PR","4074"
"MAGOHB","55110"
"CDKN1B","1027"
"ATF7IP","55729"
"H2AJ","55766"
"STRAP","11171"
"PLEKHA5","54477"
"PDE3A","5139"
"GOLT1B","51026"
"ETFRF1","144363"
"RASSF8-AS1","100506451"
"CCDC91","55297"
"ETFBKMT","254013"
"ALG10","84920"
"PRICKLE1","144165"
"ANO6","196527"
"LINC00938","400027"
"SCAF11","9169"
"SLC38A4-AS1","100288798"
"PFKM","5213"
"ASB8","140461"
"PRKAG1","5571"
"KMT2D","8085"
"TROAP","10024"
"SPATS2","65244"
"BCDIN3D-AS1","100286844"
"RACGAP1","29127"
"COX14","84987"
"DIP2B","57609"
"ATF1","466"
"SLC11A2","4891"
"SLC4A8","9498"
"ATG101","60673"
"KRT8","3856"
"EIF4B","1975"
"ZNF740","283337"
"MFSD5","84975"
"PFDN5","5204"
"ATF7","11016"
"ATP5MC2","517"
"CBX5","23468"
"COPZ1","22818"
"CD63","967"
"TMEM198B","440104"
"DGKA","1606"
"CDK2","1017"
"MYL6","4637"
"RNF41","10193"
"STAT2","6773"
"PTGES3","10728"
"NACA","4666"
"SHMT2","6472"
"MBD6","114785"
"CDK4","1019"
"TBK1","29110"
"HMGA2","8091"
"DYRK2","8445"
"SLC35E3","55508"
"PRANCR","101928062"
"ZFC3H1","196441"
"TMEM19","55266"
"KRR1","11103"
"NAP1L1","4673"
"ZDHHC17","23390"
"CCDC59","29080"
"KITLG","4254"
"ATP2B1","490"
"BTG1","694"
"SOCS2","8835"
"VEZT","55591"
"CDK17","5128"
"TMPO","7112"
"SLC25A3","5250"
"IKBIP","121457"
"UTP20","27340"
"ARL1","400"
"UQCC6","728568"
"TDG","6996"
"HCFC2","29915"
"CHST11","50515"
"TCP11L2","255394"
"PWP1","11137"
"UNG","7374"
"KCTD10","83892"
"MMAB","326625"
"FAM222A","84915"
"ANKRD13A","88455"
"FAM216A","29902"
"MAPKAPK5-AS1","51275"
"ERP29","10961"
"NAA25","80018"
"TRAFD1","10906"
"TBX5","6910"
"TBX3","6926"
"HSPB8","26353"
"PXN-AS1","100506649"
"COX6A1","1337"
"GATC","283459"
"DYNLL1","8655"
"NRAV","100506668"
"COQ5","84274"
"POP5","51367"
"ANAPC5","51433"
"KDM2B","84678"
"RHOF","54509"
"LINC01089","338799"
"DIABLO","56616"
"RSRC2","65117"
"ABCB9","23457"
"MPHOSPH9","10198"
"KMT5A","387893"
"SNRNP35","11066"
"RAN","5901"
"SFSWAP","6433"
"GOLGA3","2802"
"ZNF605","100289635"
"ZNF84","7637"
"ZNF140","7699"
"PSPC1","55269"
"XPO4","64328"
"LATS2","26524"
"SAP18","10284"
"SKA3","221150"
"ZDHHC20","253832"
"MIPEP","4285"
"RNF6","6049"
"RPL21","6144"
"GTF3A","2971"
"MTIF3","219402"
"LNX2","222484"
"SLC46A3","283537"
"HMGB1","3146"
"HSPH1","10808"
"EXOSC8","11340"
"NHLRC3","387921"
"FOXO1","2308"
"WBP4","11193"
"NAA16","79612"
"NUFIP1","26747"
"TPT1-AS1","100190939"
"RCBTB2","1102"
"FNDC3A","22862"
"WDFY2","115825"
"ALG11","440138"
"DIAPH3","81624"
"TDRD3","81550"
"PCDH9","5101"
"KLF5","688"
"KLF12","11278"
"LMO7","4008"
"MYCBP2","23077"
"OBI1","79596"
"RBM26","64062"
"GPC6","10082"
"GPR180","160897"
"RAP2A","5911"
"UBAC2-AS1","100289373"
"TMTC4","84899"
"EFNB2","1948"
"LIG4","3981"
"ING1","3621"
"ANKRD10","55608"
"TUBGCP3","10426"
"PCID2","55795"
"LAMP1","3916"
"TMCO3","55002"
"RPPH1","85495"
"APEX1","328"
"NDRG2","57447"
"DAD1","1603"
"PPP1R3E","90673"
"PABPN1","8106"
"MYH6","4624"
"NGDN","25983"
"THTPA","79178"
"AP1G2","8906"
"NRL","4901"
"EMC9","51016"
"RNF31","55072"
"MDP1","145553"
"GMPR2","51292"
"NFATC4","4776"
"KHNYN","23351"
"SDR39U1","56948"
"ARHGAP5","394"
"RNU6-8","101954278"
"EAPP","55837"
"BAZ1A","11177"
"NFKBIA","4792"
"BRMS1L","84312"
"GEMIN2","8487"
"TRAPPC6B","122553"
"PNN","5411"
"FKBP3","2287"
"RN7SL1","6029"
"LRR1","122769"
"ARF6","382"
"SAV1","60485"
"NIN","51199"
"TRIM9","114088"
"TMX1","81542"
"STYX","6815"
"FERMT2","10979"
"CGRRF1","10668"
"WDHD1","11169"
"MAPK1IP1L","93487"
"DLGAP5","9787"
"ATG14","22863"
"TMEM260","54916"
"PSMA3","5684"
"ARMH4","145407"
"TIMM9","26520"
"HIF1A","3091"
"SNAPC1","6617"
"MTHFD1","4522"
"FNTB","2342"
"MAX","4149"
"PALS1","64398"
"EIF2S1","1965"
"ARG2","384"
"ZFYVE26","23503"
"DCAF5","8816"
"SRSF5","6430"
"RBM25","58517"
"NUMB","8650"
"MIDEAS","91748"
"ALDH6A1","4329"
"NPC2","10577"
"YLPM1","56252"
"EIF2B2","8892"
"ZC2HC1C","79696"
"TGFB3","7043"
"GPATCH2L","55668"
"ANGEL1","23357"
"GSTZ1","2954"
"AHSA1","10598"
"SLIRP","81892"
"ZC3H14","79882"
"FOXN3","1112"
"TDP1","55775"
"DGLUCY","80017"
"NDUFB1","4707"
"DICER1","23405"
"SNHG10","283596"
"PAPOLA","10914"
"CCDC85C","317762"
"HHIPL1","84439"
"WARS1","7453"
"PPP2R5C","5527"
"EIF5","1983"
"MARK3","4140"
"CKB","1152"
"XRCC3","7517"
"PACS2","23241"
"TEX22","647310"
"CRIP1","1396"
"NIPA2","81614"
"FMN1","342184"
"SLC12A6","9990"
"GOLGA8B","440270"
"ACTC1","70"
"THBS1","7057"
"GPR176","11245"
"ANKRD63","100131244"
"DISP2","85455"
"CCDC32","90416"
"KNL1","57082"
"GCHFR","2644"
"CHP1","11261"
"NUSAP1","51203"
"OIP5","11339"
"MGA","23269"
"ZNF106","64397"
"SNAP23","8773"
"LRRC57","255252"
"ADAL","161823"
"TP53BP1","7158"
"PDIA3","2923"
"GOLM2","113201"
"CTDSPL2","51496"
"SPG11","80208"
"GATM","2628"
"BLOC1S6","26258"
"SEMA6D","80031"
"DUT","1854"
"EID1","23741"
"GALK2","2585"
"GABPB1","2553"
"TMOD3","29766"
"MAPK6","5597"
"TCF12-DT","145783"
"ADAM10","102"
"SLTM","79811"
"CCNB2","9133"
"TLN2","83660"
"TPM1","7168"
"SNX1","6642"
"TRIP4","9325"
"ZNF609","23060"
"PDCD7","10081"
"CLPX","10845"
"RAB11A","8766"
"TIPIN","54962"
"SMAD6","4091"
"IQCH","64799"
"IQCH-AS1","100506686"
"PIAS1","8554"
"ANP32A","8125"
"PKM","5315"
"HEXA","3073"
"NEO1","4756"
"UBL7-DT","440288"
"LOC102723750","102723750"
"SCAMP2","10066"
"COX5A","9377"
"COMMD4","54939"
"SIN3A","25942"
"IMP3","55272"
"UBE2Q2","92912"
"ETFA","2108"
"RCN2","5955"
"CIB2","10518"
"IDH3A","3419"
"MORF4L1","10933"
"ST20","400410"
"ZSCAN2","54993"
"WDR73","84942"
"KLHL25","64410"
"MRPL46","26589"
"MFGE8","4240"
"ABHD2","11057"
"POLG","5428"
"ZNF774","342132"
"LRRC28","123355"
"LINS1","55180"
"CHSY1","22856"
"RAB40C","57799"
"JMJD8","339123"
"ANTKMT","65990"
"LMF1","64788"
"BAIAP3","8938"
"UQCC4","283951"
"CLCN7","1186"
"NUBP2","10101"
"HAGH","3029"
"TBL3","10607"
"SNHG19","100507303"
"MLST8","64223"
"PGP","283871"
"CCNF","899"
"ELOB","6923"
"KREMEN2","79412"
"TNFRSF12A","51330"
"ZNF263","10127"
"ZSCAN32","54925"
"DNASE1","1773"
"CDIP1","29965"
"MGRN1","23295"
"ANKS3","124401"
"ZNF500","26048"
"ROGDI","79641"
"NAGPA","51172"
"ATF7IP2","80063"
"NUBP1","4682"
"SOCS1","8651"
"RSL1D1","26156"
"GSPT1","2935"
"COQ7","10229"
"IQCK","124152"
"THUMPD1","55623"
"ERI2","112479"
"LYRM1","57149"
"METTL9","51108"
"POLR3E","55718"
"CDR2","1039"
"EARS2","124454"
"PLK1","5347"
"RBBP6","5930"
"KDM8","79831"
"XPO6","23214"
"ATXN2L","11273"
"SH2B1","25970"
"RABEP2","79874"
"NFATC2IP","84901"
"SPNS1","83985"
"KIF22","3835"
"MAZ","4150"
"PAGR1","79447"
"KCTD13","253980"
"TBC1D10B","26000"
"DCTPP1","79077"
"SEPHS2","22928"
"FBRS","64319"
"SRCAP","10847"
"CFAP119","90835"
"ZNF629","23361"
"MIR762HG","101928736"
"CTF1","1489"
"FBXL19","54620"
"STX4","6810"
"ZNF668","79759"
"KAT8","84148"
"FUS","2521"
"ZNF843","283933"
"ARMC5","79798"
"ZNF267","10308"
"ORC6","23594"
"MYLK3","91807"
"C16orf87","388272"
"DNAJA2","10294"
"PHKB","5257"
"ZNF423","23090"
"CNEP1R1","255919"
"HEATR3","55027"
"CYLD","1540"
"CRNDE","643911"
"BBS2","583"
"HERPUD1","9709"
"PSME3IP1","80011"
"GINS3","64785"
"SETD6","79918"
"CNOT1","23019"
"NAE1","8883"
"PHAF1","80262"
"MATCAP1","653319"
"E2F4","1874"
"ATP6V0D1","9114"
"GFOD2","81577"
"TSNAXIP1","55815"
"NUTF2","10204"
"DUS2","54920"
"PRMT7","54496"
"ZFP90","146198"
"DDX19A","55308"
"SF3B3","23450"
"CMTR2","55783"
"ATXN1L","342371"
"ZNF821","55565"
"TXNL4B","54957"
"PSMD7","5713"
"GLG1","2734"
"RFWD3","55159"
"ZFP1","162239"
"BCAR1","9564"
"CFDP1","10428"
"TMEM170A","124491"
"KARS1","3735"
"MON1B","22879"
"WWOX","51741"
"MAF","4094"
"C16orf46","123775"
"MPHOSPH6","10200"
"MEAK7","57707"
"ZDHHC7","55625"
"GSE1","23199"
"EMC8","10328"
"C16orf95","100506581"
"FBXO31","79791"
"KLHDC4","54758"
"BANP","54971"
"APRT","353"
"SPG7","6687"
"ZNF276","92822"
"FANCA","2175"
"AFG3L1P","172"
"VPS53","55275"
"CRK","1398"
"INPP5K","51763"
"OVCA2","124641"
"MNT","4335"
"LOC105371592","105371592"
"RAP1GAP2","23108"
"CTNS","1497"
"TAX1BP3","30851"
"ITGAE","3682"
"ANKFY1","51479"
"UBE2G1","7326"
"MYBBP1A","10514"
"MED11","400569"
"MINK1","50488"
"RABEP1","9135"
"NUP88","4927"
"TXNDC17","84817"
"ALOX12-AS1","100506713"
"PHF23","79142"
"GABARAP","11337"
"CTDNEP1","23399"
"EIF5A","1984"
"NEURL4","84461"
"KCTD11","147040"
"TMEM102","284114"
"FGF11","2256"
"POLR2A","5430"
"SENP3","26168"
"FXR2","9513"
"WRAP53","55135"
"CYB5D1","124637"
"CHD3","1107"
"RNF227","284023"
"CNTROB","116840"
"TMEM107","84314"
"AURKB","9212"
"PFAS","5198"
"USP43","124739"
"MYOCD","93649"
"ELAC2","60528"
"ZSWIM7","125150"
"SNHG29","125144"
"RASD1","51655"
"TOM1L2","146691"
"GID4","79018"
"ALKBH5","54890"
"FLII","2314"
"SMCR8","140775"
"FOXO3B","2310"
"B9D1","27077"
"USP22","23326"
"TMEM97","27346"
"TNFAIP1","7126"
"TMEM199","147007"
"RAB34","83871"
"TLCD1","116238"
"CORO6","84940"
"SUZ12P1","440423"
"CCT6B","10693"
"RAD51D","5892"
"LASP1","3927"
"FBXL20","84961"
"MED1","5469"
"CDK12","51755"
"STARD3","10948"
"MIEN1","84299"
"PSMD3","5709"
"NR1D1","9572"
"WIPF2","147179"
"CDC6","990"
"TOP2A","7153"
"SMARCE1","6605"
"CNP","1267"
"RAB5C","5878"
"STAT3","6774"
"CAVIN1","284119"
"MLX","6945"
"PSMC3IP","29893"
"RETREG3","162427"
"NBR2","10230"
"LOC101929767","101929767"
"DUSP3","1845"
"RUNDC3A","10900"
"GRN","2896"
"FZD2","2535"
"DBF4B","80174"
"GJC1","10052"
"KIF18B","146909"
"MRPL10","124995"
"SP2","6668"
"SNX11","29916"
"IGF2BP1","10642"
"ZNF652","22834"
"SPOP","8405"
"PDK2","5164"
"COL1A1","1277"
"EME1","146956"
"TOB1","10140"
"NME1","4830"
"UTP18","51096"
"AKAP1","8165"
"SUPT4H1","6827"
"SKA2","348235"
"SMG8","55181"
"DHX40","79665"
"CLTC","1213"
"PTRH2","51651"
"TUBD1","51174"
"APPBP2","10513"
"PPM1D","8493"
"BCAS3","54828"
"BRIP1","83990"
"DCAF7","10238"
"TACO1","51204"
"MAP3K3","4215"
"STRADA","92335"
"DDX42","11325"
"SMARCD2","6603"
"POLG2","11232"
"DDX5","1655"
"PRKCA","5578"
"PSMD12","5718"
"KPNA2","3838"
"PRKAR1A","5573"
"C17orf80","55028"
"GPRC5C","55890"
"MRPL58","3396"
"ATP5PD","10476"
"GGA3","23163"
"MIF4GD-DT","100287042"
"SLC25A19","60386"
"GRB2","2885"
"LLGL2","3993"
"H3-3B","3021"
"WBP2","23558"
"TRIM65","201292"
"EXOC7","23265"
"SNHG16","100507246"
"METTL23","124512"
"SRSF2","6427"
"USP36","57602"
"CCDC40","55036"
"EIF4A3","9775"
"RPTOR","57521"
"TEPSIN","146705"
"FSCN2","25794"
"NPLOC4","55666"
"OXLD1","339229"
"ARL16","339231"
"P4HB","5034"
"ALYREF","10189"
"MAFG","4097"
"TBCD","6904"
"THOC1","9984"
"YES1","7525"
"NDC80","10403"
"SMCHD1","23347"
"MYOM1","8736"
"TGIF1","7050"
"LINC00667","339290"
"NDUFV2-AS1","101927275"
"PSMG2","56984"
"SEH1L","81929"
"FAM210A","125228"
"ESCO1","114799"
"GATA6-AS1","100128893"
"CABLES1","91768"
"OSBPL1A","114876"
"TRAPPC8","22878"
"MAPRE2","10982"
"ZNF24","7572"
"SLC39A6","25800"
"EPG5","57724"
"ARK2N","147339"
"DYM","54808"
"MBD1","4152"
"NARS1","4677"
"NEDD4L","23327"
"SEC11C","90701"
"VPS4B","9525"
"CNDP2","55748"
"ZNF407-AS1","400657"
"MIER2","54531"
"TPGS1","91978"
"BSG","682"
"ARID3A","1820"
"WDR18","57418"
"RNU6-2","103625684"
"CNN2","1265"
"GPX4","2879"
"ATP5F1D","513"
"CIRBP","1153"
"FAM174C","55009"
"NDUFS7","374291"
"C19orf25","148223"
"PCSK4","54760"
"REXO1","57455"
"IZUMO4","113177"
"PLEKHJ1","55111"
"TIMM13","26517"
"GADD45B","4616"
"TLE6","79816"
"NCLN","56926"
"CACTIN","58509"
"MRPL54","116541"
"EEF2","1938"
"ANKRD24","170961"
"YJU2","55702"
"MPND","84954"
"CHAF1A","10036"
"DPP9","91039"
"KDM4B","23030"
"SAFB","6294"
"HSD11B1L","374875"
"DUS3L","56931"
"NDUFA11","126328"
"RFX2","5990"
"ALKBH7","84266"
"PEX11G","92960"
"MCOLN1","57192"
"PET100","100131801"
"MAP2K7","5609"
"TIMM44","10469"
"CD320","51293"
"NDUFA7","4701"
"ZNF699","374879"
"ZNF121","7675"
"ZNF561-AS1","284385"
"ZNF562","54811"
"ZNF846","162993"
"FBXL12","54850"
"DNMT1","1786"
"MRPL4","51073"
"FDX2","112812"
"RAVER1","125950"
"TYK2","7297"
"PDE4A","5141"
"KEAP1","9817"
"KRI1","65095"
"ILF3","3609"
"TMED1","11018"
"TMEM205","374882"
"SWSAP1","126074"
"PRKCSH","5589"
"ZNF653","115950"
"ECSIT","51295"
"ELOF1","84337"
"ZNF844","284391"
"ZNF44","51710"
"ZNF442","79973"
"ZNF443","10224"
"ZNF709","163051"
"ZNF564","163050"
"WDR83","84292"
"DHPS","1725"
"FBXW9","84261"
"GET3","439"
"JUNB","3726"
"GCDH","2639"
"FARSA","2193"
"CALR","811"
"NACC1","112939"
"RFX1","5989"
"PRKACA","5566"
"DDX39A","10212"
"GIPC1","10755"
"DNAJB1","3337"
"ILVBL","10994"
"AKAP8","10270"
"AP1M1","8907"
"SMIM7","79086"
"HAUS8","93323"
"USE1","55850"
"DDA1","79016"
"RPL18A","6142"
"PDE4C","5143"
"LSM4","25804"
"ISYNA1","51477"
"UBA52","7311"
"SUGP2","10147"
"SLC25A42","284439"
"BORCS8","729991"
"SUGP1","57794"
"ZNF101","94039"
"ZNF14","7561"
"ZNF93","81931"
"ZNF486","90649"
"RPSA2","388524"
"POP4","10775"
"ZNF507","22847"
"PDCD5","9141"
"ANKRD27","84079"
"CEP89","84902"
"PEPD","5184"
"ZNF599","148103"
"LSR","51599"
"RBM42","79171"
"U2AF1L4","199746"
"LIN37","55957"
"HSPB6","126393"
"THAP8","199745"
"TBCB","1155"
"ZNF565","147929"
"ZFP14","57677"
"ZNF461","92283"
"SIPA1L3","23094"
"DPF1","8193"
"ACTN4","81"
"HNRNPL","3191"
"SIRT2","22933"
"SARS2","54938"
"PAK4","10298"
"RPS16","6217"
"TIMM50","92609"
"EID2B","126272"
"EID2","163126"
"DYRK1B","9149"
"C19orf47","126526"
"SERTAD1","29950"
"ACTMAP","284325"
"HNRNPUL1","11100"
"EXOSC5","56915"
"DMAC2","55101"
"DEDD2","162989"
"ZNF526","116115"
"GSK3A","2931"
"CIC","23152"
"XRCC1","7515"
"IRGQ","126298"
"ZNF428","126299"
"SMG9","56006"
"ZNF45","7596"
"ZNF180","7733"
"TOMM40","10452"
"CLPTM1","1209"
"RELB","5971"
"BLOC1S3","388552"
"PPP1R13L","10848"
"FOSB","2354"
"SNRPD2","6633"
"SIX5","147912"
"CCDC8","83987"
"PNMA8A","55228"
"DACT3","147906"
"AP2S1","1175"
"TMEM160","54958"
"SAE1","10055"
"CCDC9","26093"
"NAPA","8775"
"BICRA","29998"
"LIG1","3978"
"TMEM143","55260"
"GRWD1","83743"
"CYTH2","9266"
"DBP","1628"
"PPP1R15A","23645"
"RUVBL2","10856"
"SNRNP70","6625"
"PPFIA3","8541"
"ALDH16A1","126133"
"RPS11","6205"
"SCAF1","58506"
"IRF3","3661"
"PRMT1","3276"
"CPT1C","126129"
"MED25","81857"
"ZNF473","25888"
"MYH14","79784"
"KCNC3","3748"
"NR1H2","7376"
"C19orf48P","84798"
"SPACA6","147650"
"PPP2R1A","5518"
"ZNF320","162967"
"ZNF845","91664"
"ZNF331","55422"
"MYADM","91663"
"ZNF524","147807"
"CCDC106","29903"
"EPN1","29924"
"ZNF444","55311"
"ZNF460","10794"
"ZNF17","7565"
"ZNF416","55659"
"ZNF211","10520"
"ZSCAN18","65982"
"ZNF329","79673"
"ZNF274","10782"
"A1BG","1"
"RPS5","6193"
"ZNF584","201514"
"ZBTB45","84878"
"TRIM28","10155"
"CHMP2A","27243"
"CENPBD2P","65996"
"SH3YL1","26751"
"RNASEH1-DT","100506054"
"ID2-AS1","100506299"
"ITGB1BP1","9270"
"TAF1B","9014"
"RRM2","6241"
"E2F6","1876"
"MYCNOS","10408"
"TTC32","130502"
"PUM2","23369"
"RHOB","388"
"PTRHD1","391356"
"DTNB","1838"
"RAB10","10890"
"MAPRE3","22924"
"OST4","100128731"
"PREB","10113"
"ATRAID","51374"
"IFT172","26160"
"SLC4A1AP","22950"
"FOSL2","2355"
"PPP1CB","5500"
"TRMT61B","55006"
"YPEL5","51646"
"MEMO1","51072"
"SPAST","6683"
"YIPF4","84272"
"TTC27","55622"
"CEBPZ","10153"
"HNRNPLL","92906"
"SRSF7","6432"
"SOS1","6654"
"MAP4K3-DT","728730"
"PKDCC","91461"
"THADA","63892"
"PPM1B","5495"
"PRKCE","5581"
"TTC7A","57217"
"CALM2","805"
"MSH2","4436"
"EML6","400954"
"CLHC1","130162"
"PPP4R3B","57223"
"PNPT1","87178"
"FANCL","55120"
"BCL11A","53335"
"EHBP1","23301"
"MDH1","4190"
"UGP2","7360"
"PELI1","57162"
"AFTPH","54812"
"CEP68","23177"
"RAB1A","5861"
"MEIS1","4211"
"PNO1","56902"
"APLF","200558"
"GMCL1","64395"
"ASPRV1","151516"
"SNRPG","6637"
"NAGK","55577"
"PAIP2B","400961"
"ZNF638","27332"
"TPRKB","51002"
"MOB1A","55233"
"MTHFD2","10797"
"WBP1","23559"
"TTC31","64427"
"PCGF1","84759"
"HTRA2","27429"
"PARTICL","100630918"
"RNF181","51255"
"USP39","10713"
"POLR1A","25885"
"CHMP3","51652"
"MRPS5","64969"
"ZNF2","7549"
"NCAPH","23397"
"TMEM131","23505"
"UNC50","25972"
"TXNDC9","10190"
"PDCL3","79031"
"C2orf49","79074"
"UXS1","80146"
"RANBP2","5903"
"SEPTIN10","151011"
"MERTK","10461"
"ZC3H6","376940"
"POLR1B","84172"
"SLC35F5","80255"
"ACTR3","10096"
"C2orf76","130355"
"RALB","5899"
"CLASP1","23332"
"IWS1","55677"
"SAP130","79595"
"UGGT1","56886"
"SMPD4","55627"
"CCDC115","84317"
"POTEE","445582"
"SMPD4BP","150776"
"MGAT5","4249"
"CCNT2-AS1","100129961"
"R3HDM1","23518"
"UBXN4","23190"
"ZEB2","9839"
"EPC2","26122"
"MMADHC","27249"
"RND3","390"
"ARL5A","26225"
"ARL6IP6","151188"
"BAZ2B","29994"
"PPIG","9360"
"SLC25A12","8604"
"IFT70A","92104"
"DNAJC10","54431"
"CALCRL","10203"
"GULP1","51454"
"WDR75","84128"
"NEMP2","100131211"
"GLS","2744"
"STAT1","6772"
"HECW2","57520"
"PGAP1","80055"
"SF3B1","23451"
"HSPD1","3329"
"MARS2","92935"
"C2orf69","205327"
"TYW5","129450"
"CLK1","1195"
"ORC2","4999"
"HYCC2","285172"
"TMEM237","65062"
"FAM117B","150864"
"NBEAL1","65065"
"ABI2","10152"
"ADAM23","8745"
"PIKFYVE","200576"
"KANSL1L","151050"
"LANCL1","10314"
"IKZF2","22807"
"ATIC","471"
"XRCC5","7520"
"PNKD","25953"
"USP37","57695"
"TTLL4","9654"
"CNPPD1","27013"
"ANKZF1","55139"
"DNAJB2","3300"
"TMEM198","130612"
"STK11IP","114790"
"EPHA4","2043"
"MRPL44","65080"
"RHBDD1","84236"
"NCL","4691"
"PTMA","5757"
"PDE6D","5147"
"COPS7B","64708"
"EFHD1","80303"
"HJURP","55355"
"UBE2F","140739"
"NDUFA10","4705"
"PASK","23178"
"HDLBP","3069"
"BOK","666"
"ATG4B","23192"
"DTYMK","1841"
"D2HGDH","728294"
"C20orf96","140680"
"ZCCHC3","85364"
"NRSN2-AS1","100507459"
"NRSN2","80023"
"CSNK2A1","1457"
"FAM110A","83541"
"SDCBP2-AS1","100507495"
"SNRPB","6628"
"IDH3B","3420"
"PTPRA","5786"
"UBOX5","22888"
"ATRN","8455"
"ADISSP","54976"
"AP5S1","55317"
"PCNA","5111"
"MKKS","8195"
"BTBD3","22903"
"ESF1","51575"
"MACROD2","140733"
"KIF16B","55614"
"SNRPB2","6629"
"RRBP1","6238"
"SNX5","27131"
"ZNF133","7692"
"POLR3F","10621"
"XRN2","22803"
"NXT1","29107"
"NAPB","63908"
"ENTPD6","955"
"NINL","22981"
"ZNF337-AS1","102724826"
"HM13","81502"
"BCL2L1","598"
"TPX2","22974"
"PDRG1","81572"
"TM9SF4","9777"
"ASXL1","171023"
"ZNF341","84905"
"EIF2S2","8894"
"AHCY","191"
"DYNLRB1","83658"
"TP53INP2","58476"
"UQCC1","55245"
"CEP250","11190"
"RBM12","10137"
"RBM39","9584"
"PHF20","51230"
"RAB5IF","55969"
"DSN1","79980"
"SAMHD1","25939"
"RPN2","6185"
"BLCAP","10904"
"SNHG17","388796"
"FAM83D","81610"
"TOP1","7150"
"L3MBTL1","26013"
"IFT52","51098"
"OSER1-DT","100505783"
"YWHAB","7529"
"NEURL2","140825"
"ZNF335","63925"
"ELMO2","63916"
"PREX1","57580"
"ARFGEF2","10564"
"CSE1L","1434"
"SPATA2","9825"
"UBE2V1","7335"
"CEBPB-AS1","101927559"
"PARD6B","84612"
"BCAS4","55653"
"MOCS3","27304"
"CSTF1","1477"
"STX16-NPEPL1","100534593"
"MIR1-1HG","128826"
"TPD52L2","7165"
"DNAJC5","80331"
"MRPL39","54148"
"APP","351"
"ADAMTS1","9510"
"N6AMT1","29104"
"LTN1","26046"
"MIS18A","54069"
"IFNAR1","3454"
"ATP5PO","539"
"MORC3","23515"
"DYRK1A","1859"
"BRWD1","54014"
"HMGN1","3150"
"LCA5L","150082"
"WDR4","10785"
"NDUFV3","4731"
"PKNOX1","5316"
"RRP1","8568"
"TRAPPC10","7109"
"SUMO3","6612"
"PTTG1IP","754"
"POFUT2","23275"
"PCNT","5116"
"PRMT2","3275"
"ESS2","8220"
"MRPL40","64976"
"CDC45","8318"
"DGCR6L","85359"
"SNAP29","9342"
"CRKL","1399"
"LZTR1","8216"
"THAP7-AS1","439931"
"SDF2L1","23753"
"PPIL2","23759"
"YPEL1","29799"
"MYO18B","84700"
"PITPNB","23760"
"TTC28","23331"
"HSCB","150274"
"CCDC117","150275"
"EWSR1","2130"
"NF2","4771"
"MTMR3","8897"
"DUSP18","150290"
"MORC2","22880"
"SMTN","6525"
"RTCB","51493"
"HMGXB4","10042"
"FOXRED2","80020"
"EIF3D","8664"
"TRIOBP","11078"
"GCAT","23464"
"GTPBP1","9567"
"PDGFB","5155"
"ATF4","468"
"RPS19BP1","91582"
"TNRC6B","23112"
"XPNPEP3","63929"
"RBX1","9978"
"L3MBTL2","83746"
"ZC3H7B","23264"
"TEF","7008"
"TOB2","10766"
"ACO2","50"
"POLR3H","171568"
"XRCC6","2547"
"CENPM","79019"
"POLDIP3","84271"
"MCAT","27349"
"NUP50-DT","100506714"
"GTSE1","51512"
"TBC1D22A","25771"
"CRELD2","79174"
"TUBGCP6","85378"
"NCAPH2","29781"
"TYMP","1890"
"CHKB-DT","100144603"
"CRBN","51185"
"ITPR1-DT","100996539"
"THUMPD3-AS1","440944"
"BRPF1","7862"
"RPUSD3","285367"
"CRELD1","78987"
"EMC3-AS1","442075"
"CIDECP1","152302"
"BRK1","55845"
"VHL","7428"
"TATDN2","9797"
"VGLL4","9686"
"TMEM40","55287"
"RPL32","6161"
"TMEM43","79188"
"SH3BP5","9467"
"HACL1","26061"
"DPH3","285381"
"TBC1D5","9779"
"RAB5A","5868"
"NR1D2","9975"
"RARB","5915"
"OXSM","54995"
"SLC4A7","9497"
"OSBPL10","114884"
"CMTM6","54918"
"CRTAP","10491"
"CLASP2","23122"
"PDCD6IP","10015"
"GOLGA4","2803"
"OXSR1","9943"
"CTNNB1","1499"
"SEC22C","9117"
"ABHD5","51099"
"TCAIM","285343"
"ZNF501","115560"
"KIF15","56992"
"CCDC12","151903"
"KIF9-AS1","285352"
"KLHL18","23276"
"PTPN23","25930"
"ELP6","54859"
"SMARCC1","6599"
"DHX30","22907"
"CDC25A","993"
"PLXNB1","5364"
"TMA7","51372"
"UQCRC1","7384"
"IP6K2","51447"
"PRKAR2A-AS1","100506637"
"ARIH2","10425"
"NDUFAF3","25915"
"QRICH1","54870"
"QARS1","5859"
"DAG1","1605"
"APEH","327"
"TUSC2","11334"
"C3orf18","51161"
"HEMK1","51409"
"DCAF1","9730"
"ABHD14A","25864"
"ABHD14B","84836"
"POC1A","25886"
"ALAS1","211"
"WDR82","80335"
"TNNC1","7134"
"DCP1A","55802"
"SELENOK","58515"
"ARHGEF3","50650"
"DENND6A","201627"
"SLMAP","7871"
"PTPRG","5793"
"ATXN7","6314"
"PSMD6","9861"
"MAGI1","9223"
"SLC25A26","115286"
"LRIG1","26018"
"KBTBD8","84541"
"SHQ1","55164"
"PPP4R2","151987"
"ROBO1","6091"
"CGGBP1","8545"
"ARL13B","200894"
"ST3GAL6","10402"
"FILIP1L","11259"
"LNP1","348801"
"TMEM45A","55076"
"TFG","10342"
"SENP7","57337"
"SLC35A5","55032"
"GTPBP8","29083"
"ATP6V1A","523"
"CCDC191","57577"
"IGSF11","152404"
"TMEM39A","55254"
"TIMMDC1","51300"
"NDUFB4","4710"
"RABL3","285282"
"GOLGB1","2804"
"MIX23","131076"
"KPNA1","3836"
"UMPS","7372"
"RUVBL1","8607"
"COPG1","22820"
"H1-10-AS1","339942"
"IFT122","55764"
"PIK3R4","30849"
"UBA5","79876"
"CDV3","55573"
"TOPBP1","11073"
"AMOTL2","51421"
"ANAPC13","25847"
"MSL2","55167"
"NCK1-DT","101927597"
"DZIP1L","199221"
"ARMC8","25852"
"SLC25A36","55186"
"SPSB4","92369"
"ATP1B3","483"
"ATR","545"
"PLS1","5357"
"DIPK2A","205428"
"COMMD2","51122"
"EIF2A","83939"
"MED12L","116931"
"MBNL1","4154"
"TIPARP","25976"
"LINC00886","730091"
"RSRC1","51319"
"MLF1-DT","100996447"
"GFM1","85476"
"MFSD1","64747"
"SMC4","10051"
"PPM1L","151742"
"MECOM","2122"
"PRKCI","5584"
"ZNF639","51193"
"ACTL6A","86"
"NDUFB5","4711"
"PARL","55486"
"ABCC5","10057"
"PSMD2","5708"
"VPS8","23355"
"IGF2BP2","10644"
"TRA2B","6434"
"TBCCD1","55171"
"EIF4A2","1974"
"HES1","3280"
"TMEM44","93109"
"LSG1","55341"
"XXYLT1","152002"
"PPP1R2","5504"
"SDHAP1","255812"
"PCYT1A","5130"
"FBXO45","200933"
"CEP19","84984"
"NCBP2AS2","152217"
"RPL35A","6165"
"ZNF718","255403"
"ZNF721","170960"
"MYL5","4636"
"PCGF3-AS1","100129917"
"CTBP1","1487"
"UVSSA","57654"
"NELFA","7469"
"RNF4","6047"
"MSX1","4487"
"MRFAP1","93621"
"BLOC1S4","55330"
"KIAA0232","9778"
"TBC1D14","57533"
"CCDC96","257236"
"GRPEL1","80273"
"ACOX3","8310"
"ZNF518B","85460"
"CPEB2","132864"
"DCAF16","54876"
"LCORL","254251"
"SEPSECS","51091"
"ZCCHC4","29063"
"RBPJ","3516"
"LIAS","11019"
"UGDH-AS1","100885776"
"UBE2K","3093"
"APBB2","323"
"ATP8A1","10396"
"KCTD8","386617"
"GNPDA2","132789"
"CORIN","10699"
"FRYL","285527"
"SCFD2","152579"
"FIP1L1","81608"
"CEP135","9662"
"AASDH","132949"
"PAICS","10606"
"REST","5978"
"POLR2B","5431"
"GRSF1","2926"
"COX18","285521"
"G3BP2","9908"
"USO1","8615"
"CCNI","10983"
"ANXA3","306"
"PRDM8","56978"
"LIN54","132660"
"HELQ","113510"
"AFF1-AS1","100506746"
"AFF1","4299"
"EIF4E","1977"
"TRMT10A","93587"
"PPP3CA","5530"
"CISD2","493856"
"SLC9B2","133308"
"CENPE","1062"
"TET2","54790"
"INTS12","57117"
"NPNT","255743"
"TBCK","93627"
"OSTC","58505"
"GAR1","54433"
"AP1AR","55435"
"LARP7","51574"
"CAMK2D","817"
"NDNF","79625"
"CCNA2","890"
"BBS12","166379"
"FAT4","79633"
"PLK4","10733"
"PGRMC2","10424"
"MAML3","55534"
"ELMOD2","255520"
"GAB1","2549"
"ANAPC10","10393"
"SMAD1","4086"
"MMAA","166785"
"LSM6","11157"
"GATB","5188"
"GUCY1B1","2983"
"C4orf46","201725"
"TMEM192","201931"
"MSMO1","6307"
"PALLD","23022"
"HMGB2","3148"
"WWC2-AS2","152641"
"CDKN2AIP","55602"
"ING2","3622"
"CENPU","79682"
"UFSP2","55325"
"SORBS2","8470"
"CCDC127","133957"
"PDCD6","10016"
"ATPSCKMT","134145"
"DAP","1611"
"CTNND2","1501"
"DNAH5","1767"
"FBXL7","23194"
"GOLPH3","64083"
"MTMR12","54545"
"RAD1","5810"
"NADK2","133686"
"RPL37","6167"
"RIMOC1","285636"
"ZNF131","7690"
"PAIP1","10605"
"MRPS30-DT","100506674"
"HCN1","348980"
"ISL1","3670"
"MOCS2-DT","257396"
"ARL15","54622"
"MTREX","23517"
"SETD9","133383"
"PLK2","10769"
"PDE4D","5144"
"ERCC8","1161"
"ZSWIM6","57688"
"DIMT1","27292"
"IPO11","51194"
"ADAMTS6","11174"
"TRIM23","373"
"ERBIN","55914"
"CCNB1","891"
"CENPH","64946"
"MRPS27","23107"
"ANKRA2","57763"
"HMGCR","3156"
"POC5","134359"
"TBCA","6902"
"ZFYVE16","9765"
"DHFR","1719"
"CKMT2-AS1","100131067"
"ATG10","83734"
"TMEM167A","153339"
"COX7C","1350"
"RASA1","5921"
"CETN3","1070"
"POLR3G","10622"
"ARRDC3-AS1","100129716"
"ARRDC3","57561"
"KIAA0825","285600"
"RHOBTB3","22836"
"RGMB","285704"
"FER","2241"
"WDR36","134430"
"NREP","9315"
"EPB41L4A-AS1","114915"
"SRP19","6728"
"REEP5","7905"
"DCP2","167227"
"MCC","4163"
"TRIM36","55521"
"PGGT1B","5229"
"CCDC112","153733"
"ZNF608","57507"
"MARCHF3","115123"
"SLC12A2-DT","644873"
"RAPGEF6","51735"
"IRF1","3659"
"KIF3A","11127"
"GDF9","2661"
"AFF4","27125"
"SKP1","6500"
"UBE2B","7320"
"SEC24A","10802"
"SMAD5","4090"
"BRD8","10902"
"CDC23","8697"
"FAM53C","51307"
"ETF1","2107"
"HSPA9","3313"
"PAIP2","51247"
"CYSTM1","84418"
"APBB3","10307"
"ZMAT2","153527"
"DIAPH1","1729"
"DELE1","9812"
"LARS1","51520"
"RBM27","54439"
"TCERG1","10915"
"CSNK1A1","1452"
"RPS14","6208"
"RBM22","55696"
"DCTN4","51164"
"GPX3","2878"
"ATOX1","475"
"LOC100652758","100652758"
"SAP30L-AS1","386627"
"FAXDC2","10826"
"CNOT8","9337"
"LSM11","134353"
"NUDCD2","134492"
"RARS1","5917"
"PANK3","79646"
"SPDL1","54908"
"NPM1","4869"
"STK10","6793"
"RPL26L1-AS1","100268168"
"CREBRF","153222"
"STC2","8614"
"RNF44","22838"
"GRK6","2870"
"PDLIM7","9260"
"DDX41","51428"
"NHP2","55651"
"HNRNPAB","3182"
"CLK4","57396"
"HNRNPH1","3187"
"CANX","821"
"SQSTM1","8878"
"RNF130","55819"
"CNOT6","57472"
"MGAT1","4245"
"BPHL","670"
"FARS2","10667"
"MAK","4117"
"SIRT5","23408"
"RBM24","221662"
"E2F3","1871"
"CDKAL1","54901"
"TDP2","51567"
"GMNN","51053"
"RIPOR2","9750"
"CARMIL1","55604"
"H2AC6","8334"
"H2BC5","3017"
"H4C5","8367"
"H2AC8","3012"
"H3C6","8353"
"H4C8","8365"
"BTN2A2","10385"
"HCG11","493812"
"ABT1","29777"
"H2AC11","8969"
"H2AC15","8330"
"ZSCAN16-AS1","100129195"
"ZKSCAN4","387032"
"ZSCAN31","64288"
"UQCC2","84300"
"LEMD2","221496"
"HMGA1","3159"
"SMIM29","221491"
"SNRPC","6631"
"TAF11","6882"
"MAPK14","1432"
"KCTD20","222658"
"PPIL1","51645"
"MTCH1","23787"
"RNF8","9025"
"OARD1","221443"
"C6orf226","441150"
"KLHDC3","116138"
"CUL7","9820"
"SRF","6722"
"ABCC10","89845"
"POLH","5429"
"MAD2L1BP","9587"
"TMEM63B","55362"
"HSP90AB1","3326"
"NFKBIE","4794"
"AARS2","57505"
"SUPT3H","8464"
"MMUT","4594"
"MCM3","4172"
"RN7SK","125050"
"FBXO9","26268"
"ELOVL5","60481"
"RAB23","51715"
"PTP4A1","7803"
"PHF3","23469"
"SDHAF4","135154"
"EEF1A1","1915"
"CD109","135228"
"TENT5A","55603"
"IBTK","25998"
"DOP1A","23033"
"TBX18","9096"
"SYNCRIP","10492"
"AKIRIN2","55122"
"PNRC1","10957"
"RRAGD","58528"
"COQ3","51805"
"TSTD3","100130890"
"USP45","85015"
"BVES","11149"
"ATG5","9474"
"QRSL1","55278"
"PDSS2","57107"
"FOXO3","2309"
"WASF1","8936"
"CDK19","23097"
"AMD1","262"
"GTF3C6","112495"
"REV3L","5980"
"HDAC2-AS2","101927768"
"SLC35F1","222553"
"MCM9","254394"
"PKIB","5570"
"TPD52L1","7164"
"HINT3","135114"
"LAMA2","3908"
"MED23","9439"
"IFNGR1","3459"
"CCDC28A","25901"
"REPS1","85021"
"CITED2","10370"
"AIG1","51390"
"ADAT2","134637"
"LTV1","84946"
"UTRN","7402"
"EPM2A","7957"
"GINM1","116254"
"LRP11","84918"
"MTHFD1L","25902"
"RMND1","55005"
"FBXO5","26271"
"ARID1B","57492"
"TMEM242","729515"
"GTF2H5","404672"
"DYNLT1","6993"
"SOD2","6648"
"MRPL18","29074"
"AGPAT4","56895"
"LOC100289495","100289495"
"RPS6KA2","6196"
"TBP","6908"
"PDGFA-DT","441307"
"SUN1","23353"
"ADAP1","11033"
"ZFAND2A-DT","101927021"
"INTS1","26173"
"MRM2","29960"
"SNX8","29886"
"WIPI2","26100"
"ACTB","60"
"FSCN1","6624"
"PMS2","5395"
"RPA3","6119"
"GLCCI1","113263"
"ARL4A","10124"
"BZW2","28969"
"SP4","6671"
"CDCA7L","55536"
"MALSU1","115416"
"TRA2A","29896"
"HNRNPA2B1","3181"
"HIBADH","11112"
"LSM5","23658"
"KBTBD2","25948"
"RP9P","441212"
"NT5C3A","51251"
"BBS9","27241"
"DPY19L2P1","554236"
"TBX20","57057"
"HERPUD2-AS1","101930085"
"SEPTIN7","989"
"ANLN","54443"
"STARD3NL","83930"
"SUGCT","79783"
"INHBA","3624"
"PSMA2","5683"
"POLD2","5425"
"MYL7","58498"
"TMED4","222068"
"OGDH","4967"
"PPIA","5478"
"TBRG4","9238"
"UPP1","7378"
"LANCL2","55915"
"VOPP1","81552"
"ZNF713","349075"
"LOC100996437","100996437"
"AUTS2","26053"
"POM121","9883"
"BAZ1B","9031"
"EIF4H","7458"
"PMS2P3","5387"
"MDH2","4191"
"HSPB1","3315"
"YWHAG","7532"
"RSBN1L","222194"
"PHTF2","57157"
"CACNA2D1","781"
"SEMA3A","10371"
"SEMA3D","223117"
"TP53TG1","11257"
"CDK14","5218"
"FZD1","8321"
"CYP51A1","1595"
"PEX1","5189"
"CDK6","1021"
"VPS50","55610"
"SDHAF3","57001"
"LMTK2","22853"
"BAIAP2L1","55971"
"ARPC1B","10095"
"BUD31","8896"
"ZNF789","285989"
"ZKSCAN5","23660"
"MCM7","4176"
"CNPY4","245812"
"LAMTOR4","389541"
"ZCWPW1","55063"
"POP7","10248"
"TRIP6","7205"
"SRRT","51593"
"UFSP1","402682"
"ZNHIT1","10467"
"IFT22","64792"
"PRKRIP1","79706"
"PMPCB","9512"
"KMT2E-AS1","100216545"
"HBP1","26959"
"DLD","1738"
"PNPLA8","50640"
"THAP5","168451"
"IFRD1","3475"
"CAV1","857"
"CAPZA2","830"
"LSM8","51691"
"TSPAN12","23554"
"FAM3C","10447"
"CADPS2","93664"
"NDUFA5","4698"
"LMOD2","442721"
"LRRC4","64101"
"CALU","813"
"FLNC","2318"
"TNPO3","23534"
"STRIP2","57464"
"UBE2H","7328"
"ZC3HC1","51530"
"KLHDC10","23008"
"COPG2","26958"
"MKLN1-AS","100506881"
"EXOC4","60412"
"BPGM","669"
"CNOT4","4850"
"TRIM24","8805"
"UBN2","254048"
"MKRN1","23608"
"NDUFB2","4708"
"BRAF","673"
"MRPS33","51650"
"PDIA4","9601"
"ZNF282","8427"
"LOC155060","155060"
"ZNF862","643641"
"ABCB8","11194"
"FASTK","10922"
"SMARCD3","6604"
"NUB1","51667"
"RHEB","6009"
"KMT2C","58508"
"XRCC2","7516"
"DNAJB6","10049"
"TNKS","8658"
"FAM167A","83648"
"NEIL2","252969"
"FDFT1","2222"
"VPS37A","137492"
"INTS10","55174"
"NUDT18","79873"
"REEP4","80346"
"POLR3D","661"
"EGR3","1960"
"CHMP7","91782"
"SLC25A37","51312"
"NKX3-1","4824"
"NKX2-6","137814"
"KCTD9","54793"
"DPYSL2","1808"
"PTK2B","2185"
"PBK","55872"
"ELP3","55140"
"GTF2E2","2961"
"RNF122","79845"
"RAB11FIP1","80223"
"ASH2L","9070"
"LSM1","27257"
"DDHD2","23259"
"NSD3","54904"
"LETM2","137994"
"FGFR1","2260"
"AP3M2","10947"
"VDAC3","7419"
"THAP1","55145"
"RNF170","81790"
"FNTA","2339"
"CEBPD","1052"
"MCM4","4173"
"SNAI2","6591"
"ATP6V1H","51606"
"CHCHD7","79145"
"ASPH","444"
"ARMC1","55156"
"TRIM55","84675"
"VCPIP1","80124"
"NCOA2","10499"
"TRAM1","23471"
"TERF1","7013"
"RPL7","6129"
"PEX2","5828"
"PKIA","5569"
"MRPS28","28957"
"OTUD6B-AS1","100506365"
"TRIQK","286144"
"DPY19L4","286148"
"CCNE2","9134"
"PLEKHF2","79666"
"CFAP418","157657"
"RPL30","6156"
"YWHAZ","7534"
"MAILR","100506753"
"ATP6V1C1","528"
"FZD6","8323"
"DCAF13","25879"
"OXR1","55074"
"EXT1","2131"
"DERL1","79139"
"ATAD2","29028"
"FAM91A1","157769"
"RNF139-DT","101927612"
"SQLE","6713"
"PVT1","5820"
"CYRIB","51571"
"ASAP1","50807"
"DNAAF11","23639"
"ST3GAL1","6482"
"ZFAT","57623"
"CHRAC1","54108"
"GPAA1","8733"
"HGH1","51236"
"MROH1","727957"
"BOP1","23246"
"CPSF1","29894"
"VPS28","51160"
"MFSD3","113655"
"C8orf82","414919"
"RPL8","6132"
"KANK1","23189"
"SMARCA2","6595"
"PUM3","9933"
"RCL1","10171"
"JAK2","3717"
"KDM4C","23081"
"RPS6","6194"
"CDKN2B","1030"
"CAAP1","79886"
"RIGI","23586"
"SMIM27","100129250"
"APTX","54840"
"SMU1","55234"
"UBAP2","55833"
"DCTN3","11258"
"GALT","2592"
"DNAJB5","25822"
"RUSC2","9853"
"RMRP","6023"
"HINT2","84681"
"TMEM8B","51754"
"GRHPR","9380"
"EXOSC3","51010"
"SHB","6461"
"BANCR","100885775"
"TLE4","7091"
"KIF27","55582"
"TUT7","79670"
"DAPK1","1612"
"S1PR3","1903"
"SECISBP2","79048"
"IARS1","3376"
"CARD19","84270"
"FANCC","2176"
"ZNF367","195828"
"TMOD1","7111"
"TSTD2","158427"
"TRMO","51531"
"ANP32B","10541"
"SEC61B","10952"
"MSANTD3","91283"
"SMC2","10592"
"FSD1L","83856"
"RAD23B","5887"
"DNAJC25","548645"
"CDC26","246184"
"ALAD","210"
"RGS3","5998"
"ATP6V1G1","9550"
"CNTRL","11064"
"STOM","2040"
"NDUFA8","4702"
"PDCL","5082"
"ARPC5L","81873"
"GOLGA1","2800"
"PPP6C","5537"
"HSPA5","3309"
"GAPVD1","26130"
"ZNF79","7633"
"RPL12","6136"
"CDK9","1025"
"ST6GALNAC4","27090"
"PTGES2","80142"
"DNM1","1759"
"URM1","81605"
"ODF2","4957"
"GLE1","2733"
"DYNC2I2","89891"
"TBC1D13","54662"
"ENDOG","2021"
"DOLK","22845"
"DOLPP1","57171"
"CRAT","1384"
"IER5L","389792"
"GPR107","57720"
"ABL1","25"
"NUP214","8021"
"PRRC2B","84726"
"POMT1","10585"
"RAPGEF1","2889"
"SETX","23064"
"TSC1","7248"
"GTF3C5","9328"
"REXO4","57109"
"TMEM250","90120"
"DNLZ","728489"
"ENTR1","10807"
"SEC16A","9919"
"CCDC183","84960"
"PHPT1","29085"
"FBXW5","54461"
"MAN1B1-DT","100289341"
"ANAPC2","29882"
"NDOR1","27158"
"EHMT1","79813"
"TBL1X","6907"
"TRAPPC2","6399"
"SH3KBP1","30011"
"RPS6KA3","6197"
"SMS","6611"
"SAT1","6303"
"EIF2S3","1968"
"DMD","1756"
"ATP6AP2","10159"
"MED14","9282"
"DDX3X","1654"
"CASK","8573"
"FUNDC1","139341"
"UBA1","7317"
"CDK16","5127"
"TBC1D25","4943"
"RBM3","5935"
"TSPYL2","64061"
"KDM5C","8242"
"FTX","100302692"
"TRMT2B","79979"
"ARMCX3","51566"
"TCEAL8","90843"
"COL4A5","1287"
"NXT2","55916"
"PLS3","5358"
"NKRF","55922"
"UPF3B","65109"
"CUL4B","8450"
"AIFM1","9131"
"SLC25A14","9016"
"ENOX2","10495"
"ZNF449","203523"
"RBMX","27316"
"HCFC1","3054"
"GAB3","139716"
"ADCK1","57143"
"RACK1","10399"
"NT5DC1","221294"
"ACSS2","55902"
"COQ2","27235"
"TNIP1","10318"
"WDR13","64743"
"SLC6A6","6533"
"HSPB3","8988"
"FBXL17","64839"
"ZNF165","7718"
"OSTM1","28962"
"ACTR1A","10121"
"PLCB4","5332"
"KAZN","23254"
"PTPN2","5771"
"RNF34","80196"
"ITGA7","3679"
"DEGS1","8560"
"ZC3H4","23211"
"SAT2","112483"
"ZNF879","345462"
"SMPX","23676"
"ESD","2098"
"VPS4A","27183"
"FLJ20021","90024"
"SERPINI1","5274"
"RABGGTB","5876"
"UPF1","5976"
"COA1","55744"
"C8orf33","65265"
"MXI1","4601"
"NOL11","25926"
"ARHGAP4","393"
"CACHD1","57685"
"DTWD2","285605"
"CD58","965"
"TIMELESS","8914"
"ULK3","25989"
"RPN1","6184"
"GUCD1","83606"
"PLEC","5339"
"CERS5","91012"
"ARL8B","55207"
"ZNF48","197407"
"UNC119","9094"
"LRRC59","55379"
"TSHZ2","128553"
"ATXN3","4287"
"PCSK5","5125"
"MAML2","84441"
"SMARCA1","6594"
"FIBP","9158"
"SESN2","83667"
"FUT11","170384"
"TLCD3A","79850"
"PPM1G","5496"
"ACYP2","98"
"EGFEM1P","93556"
"PPA1","5464"
"PPARGC1B","133522"
"DDRGK1","65992"
"NRG2","9542"
"DRG1","4733"
"IRF2","3660"
"SNCAIP","9627"
"SLC9A6","10479"
"ZNF766","90321"
"TIMP3","7078"
"NDUFAF4","29078"
"TBC1D12","23232"
"GNAQ","2776"
"SMIM14","201895"
"USP16","10600"
"JARID2","3720"
"MEF2D","4209"
"FLT1","2321"
"CDC5L","988"
"PJA1","64219"
"CLIC4","25932"
"DCLRE1B","64858"
"PDLIM5","10611"
"TAF6L","10629"
"SET","6418"
"TXLNG","55787"
"BAG3","9531"
"DCAF8","50717"
"CDC16","8881"
"ODAD1","93233"
"UBE2W","55284"
"EMC3","55831"
"LAPTM4B","55353"
"SMAP2","64744"
"MOSMO","730094"
"NEK1","4750"
"LMNB1","4001"
"RCSD1","92241"
"ZNF219","51222"
"PTPN18","26469"
"FYCO1","79443"
"SLC25A21-AS1","100129794"
"EIF1","10209"
"EPB41L4A","64097"
"SRPK1","6732"
"CLGN","1047"
"CCPG1","9236"
"SPECC1","92521"
"HAND1","9421"
"RARA","5914"
"RGL1","23179"
"KDM5B","10765"
"TNS3","64759"
"ITSN2","50618"
"TSEN54","283989"
"JMY","133746"
"RPL7L1","285855"
"KATNAL1","84056"
"ZNF627","199692"
"CTSC","1075"
"PACS1","55690"
"APOBEC2","10930"
"LRP12","29967"
"EIF3J-DT","645212"
"KDM7A-DT","100134229"
"ATN1","1822"
"CSRP2","1466"
"PARVA","55742"
"SLC38A3","10991"
"VMA21","203547"
"TRPM7","54822"
"JAM3","83700"
"PRR14L","253143"
"FOXJ3","22887"
"PPL","5493"
"TRIM2","23321"
"TXNDC12","51060"
"MFN1","55669"
"NT5C3B","115024"
"SLC2A1","6513"
"IPO7","10527"
"IRX5","10265"
"LSM12","124801"
"GCSH","2653"
"CNNM3","26505"
"C5orf24","134553"
"MIB1","57534"
"FLOT2","2319"
"XPR1","9213"
"WDSUB1","151525"
"USP40","55230"
"ZNF777","27153"
"AK3","50808"
"ST7","7982"
"DLGAP1","9229"
"MYO15B","80022"
"VBP1","7411"
"CHKA","1119"
"METAP2","10988"
"MAP1LC3B","81631"
"NES","10763"
"ARHGAP10","79658"
"KCNK3","3777"
"PLEKHG3","26030"
"DOK4","55715"
"DNAJC21","134218"
"LAMC1","3915"
"ZNF250","58500"
"MLLT10","8028"
"SLIT2","9353"
"HBEGF","1839"
"ADGRL2","23266"
"PAFAH1B2","5049"
"CCDC160","347475"
"PCDH19","57526"
"SLC25A11","8402"
"NLRX1","79671"
"AOPEP","84909"
"SPHK1","8877"
"DGKZ","8525"
"KIF2A","3796"
"LPIN1","23175"
"MID1","4281"
"PLPP3","8613"
"FZD4","8322"
"ABCG1","9619"
"KDM2A","22992"
"PLCL2","23228"
"MEX3B","84206"
"GSPT2","23708"
"ATXN2","6311"
"FRMD3","257019"
"SLC6A4","6532"
"DENND5B-AS1","100874249"
"ZNF3","7551"
"TTN","7273"
"MPP3","4356"
"LINC02897","388759"
"FLNB","2317"
"AJUBA","84962"
"HCFC1R1","54985"
"LTBP1","4052"
"MYL9","10398"
"TNFRSF19","55504"
"PDGFA","5154"
"HSBP1","3281"
"DNMT3A","1788"
"FGFR2","2263"
"LOC102724474","102724474"
"RIF1","55183"
"ME2","4200"
"CACFD1","11094"
"SLC35A1","10559"
"LINC02709","440028"
"F2R","2149"
"SCRN1","9805"
"SSBP4","170463"
"ZNF521","25925"
"SMIM30","401397"
"VAT1","10493"
"DYSF","8291"
"NIPBL","25836"
"ZNF503-AS2","100131213"
"ALPK3","57538"
"GREB1","9687"
"NME2","4831"
"ZNF592","9640"
"SH3D21","79729"
"L3MBTL3","84456"
"SORCS1","114815"
"INSIG1","3638"
"PIK3CB","5291"
"GALNT2","2590"
"STX5","6811"
"JADE2","23338"
"ZFPM1","161882"
"ZBTB46","140685"
"LYST","1130"
"OGDHL","55753"
"DMRTA1","63951"
"TCEAL1","9338"
"EYA4","2070"
"IRS1","3667"
"KLHL22","84861"
"EPB41L3","23136"
"TMEM200C","645369"
"ELF2","1998"
"TIAM2","26230"
"SH3PXD2B","285590"
"EXOSC2","23404"
"PDF","64146"
"TTC33","23548"
"TSPAN9","10867"
"RECK","8434"
"EHD4","30844"
"RC3H1","149041"
"RBPMS2","348093"
"ELFN1","392617"
"SH3GL3","6457"
"CDH3","1001"
"ZNF516-AS1","101927989"
"DPF3","8110"
"USP13","8975"
"PHF10","55274"
"ATP2A2","488"
"TCEAL9","51186"
"TPM2","7169"
"TBC1D1","23216"
"WNT9A","7483"
"LRIG2","9860"
"STK11","6794"
"KPNA3","3839"
"FZD5","7855"
"LCN12","286256"
"CELF1","10658"
"LUC7L2","51631"
"GJD2-DT","101928174"
"SMTNL2","342527"
"SHF","90525"
"NDST1","3340"
"KIDINS220","57498"
"PCNX1","22990"
"SALL4","57167"
"ST6GALNAC6","30815"
"HMCES","56941"
"ZNF217","7764"
"SLC7A1","6541"
"EMSY","56946"
"OGFOD3","79701"
"SPINDOC","144097"
"CPM","1368"
"NUCKS1","64710"
"PKP2","5318"
"CCNJL","79616"
"MAP3K15","389840"
"ZMYM4","9202"
"GMPS","8833"
"PARD3","56288"
"MTA1","9112"
"RAB3A","5864"
"PRDM5","11107"
"PPTC7","160760"
"STAG1","10274"
"ACTN2","88"
"KAT2B","8850"
"FAM171A1","221061"
"CPEB4","80315"
"SIK2","23235"
"H2AZ1","3015"
"HIF3A","64344"
"WWTR1","25937"
"UBA3","9039"
"KDM7A","80853"
"ELK3","2004"
"LAMA1","284217"
"DCUN1D2","55208"
"SCUBE3","222663"
"RNF168","165918"
"TTYH3","80727"
"HES4","57801"
"NOG","9241"
"KLHL31","401265"
"LMO4","8543"
"JUN","3725"
"DUBR","344595"
"COL18A1","80781"
"C10orf71","118461"
"STK3","6788"
"ZFP36L1","677"
"TNNI1","7135"
"SORBS3","10174"
"SPATA2L","124044"
"ERF","2077"
"PTPN4","5775"
"ABCC3","8714"
"PALM2AKAP2","445815"
"TNRC18","84629"
"COL12A1","1303"
"BCL9L","283149"
"MAPKAPK2","9261"
"PRKCB","5579"
"TBC1D4","9882"
"NEAT1","283131"
"EIF4EBP1","1978"
"SORCS3","22986"
"LPP","4026"
"FJX1","24147"
"CDKN1A","1026"
"TSHZ1","10194"
"TACC2","10579"
"INO80D","54891"
"ELOVL6","79071"
"CLEC11A","6320"
"KCTD2","23510"
"SLC25A4","291"
"WNT5B","81029"
"IER2","9592"
"TRIL","9865"
"GADD45G","10912"
"MARCKS","4082"
"IRX3","79191"
"SMG5","23381"
"ARID1A","8289"
"RIPOR1","79567"
"ZNRF2","223082"
"PBX1","5087"
"TMEM255A","55026"
"CAMK2G","818"
"SORT1","6272"
"ID4","3400"
"ANKRD34A","284615"
"PLN","5350"
"PLEKHA7","144100"
"TESC","54997"
"CSMD2","114784"
"CCDC102A","92922"
"THRA","7067"
"BCAT2","587"
"CRTAC1","55118"
"AGAP3","116988"
"ITGB1","3688"
"BMF","90427"
"BMP7","655"
"LAD1","3898"
"ATP6AP1L","92270"
"SEC14L1","6397"
"GRID1","2894"
"TSPAN18","90139"
"CBARP","255057"
"COPZ2","51226"
"IRF2BPL","64207"
"VCAN","1462"
"TENM3","55714"
"PPP1R12B","4660"
"RBCK1","10616"
"LHPP","64077"
"ADAMTSL4","54507"
"ID2","3398"
"RTN2","6253"
"SIGMAR1","10280"
"SSH1","54434"
"PLSCR1","5359"
"SH3RF2","153769"
"GPRIN2","9721"
"SH3PXD2A","9644"
"RAB2A","5862"
"BOC","91653"
"ABHD17A","81926"
"EMP3","2014"
"ADAM11","4185"
"HDAC11","79885"
"BCAM","4059"
"RPS29","6235"
"LDHD","197257"
"IGDCC4","57722"
"GDF2","2658"
"CFAP20","29105"
"ZNF213-AS1","100507458"
"HIP1","3092"
"CD248","57124"
"RASGRP3","25780"
"CUEDC1","404093"
"IDH2","3418"
"SATB1","6304"
"PHLDB2","90102"
"WDFY3","23001"
"MGC12916","84815"
"SLC29A1","2030"
"TLE1","7088"
"CLCNKA","1187"
"LOC642846","642846"
"HSPG2","3339"
"CUL4A","8451"
"SOCS3","9021"
"TEAD3","7005"
"KTN1-AS1","100129075"
"CASTOR2","729438"
"PNMT","5409"
"JOSD2","126119"
"UQCRHL","440567"
"MLLT1","4298"
"AMFR","267"
"NIPAL1","152519"
"XPO7","23039"
"SLC35B1","10237"
"TTI1","9675"
"ST6GAL1","6480"
"HENMT1","113802"
"SEZ6","124925"
"ETS1","2113"
"ATP11A","23250"
"DHX37","57647"
"IL17B","27190"
"SPOCD1","90853"
"SIPA1L2","57568"
"SNX24","28966"
"DENND1A","57706"
"FBXW2","26190"
"SSC5D","284297"
"REXO5","81691"
"ADPRHL1","113622"
"SPATA13","221178"
"SGSM2","9905"
"SRGAP2","23380"
"SIPA1L1","26037"
"ECHDC3","79746"
"NEK7","140609"
"RITA1","84934"
"SMURF2","64750"
"GRB7","2886"
"CNOT10","25904"
"RAI1","10743"
"PALD1","27143"
"TMEM164","84187"
"UBR3","130507"
"SPTBN1","6711"
"UACA","55075"
"CELF2","10659"
"PHLDA1","22822"
"DIDO1","11083"
"EMC10","284361"
"CTIF","9811"
"DNAJC6","9829"
"ADGRF5","221395"
"GSTM2P1","442245"
"LINC01605","100507420"
"MN1","4330"
"STK24","8428"
"EEPD1","80820"
"ACTN1","87"
"PDE4B","5142"
"GPALPP1","55425"
"PIF1","80119"
"MID2","11043"
"NFASC","23114"
"LBH","81606"
"SCARB1","949"
"GJA3","2700"
"TXLNB","167838"
"ZNF767P","79970"
